timestamp_iso,request_id,node_id,test_label,seq,i2s_rx_mode,i2s_sample_conversion,effective_sample_rate_hz,sample_rate_ok,audio_read_timeouts,dbfs,db_spl,f_peak_full_hz,f_peak_acoustic_hz,tone_1khz_ratio,tone_1khz_local_ratio,tone_1khz_contrast_db,tone_1khz_contrast_hit,tone_1khz_detected,tone_1khz_peak_hz,room_band_total_energy,band_ratio_sum,low_rumble_ratio,band_sub_ratio,band_bass_ratio,band_low_mid_ratio,band_mid_ratio,band_presence_ratio,band_high_ratio,dominant_band_name,dominant_band_ratio,dominant_band_peak_hz,temp_c,rh_percent,notes
2026-07-05T19:58:44.537Z,capture_20260705195835,node04,quiet_room,3,stereo_raw,shift8,47871.9,True,50,-86.74,33.26,46.9,468.8,0.075029,0.215623,-6.66,False,False,890.6,0.000893,1.000001,0.439231,0,0.411331,0.085689,0.262844,0.125332,0.114805,bass,0.411331,46.9,23.83,48.44,
2026-07-05T19:58:45.547Z,capture_20260705195835,node04,quiet_room,4,stereo_raw,shift8,47905.05,True,56,-87.05,32.95,46.9,515.6,0.135155,0.652801,-1.85,False,True,1125.0,0.001129,1.0,0.69891,0,0.659981,0.028481,0.138973,0.069867,0.102698,bass,0.659981,46.9,23.83,48.44,
2026-07-05T19:58:46.559Z,capture_20260705195835,node04,quiet_room,5,stereo_raw,shift8,48128.0,True,60,-86.68,33.32,46.9,234.4,0.03695,0.387895,-4.11,False,False,984.4,0.001937,1.0,0.539051,0,0.521731,0.244788,0.102554,0.069932,0.060995,bass,0.521731,46.9,23.85,48.44,
2026-07-05T19:58:47.556Z,capture_20260705195835,node04,quiet_room,6,stereo_raw,shift8,47904.81,True,48,-86.92,33.08,515.6,515.6,0.053257,0.194959,-7.1,False,False,1125.0,0.000711,0.999999,0.108048,0,0.095353,0.294345,0.327448,0.100865,0.181988,mid,0.327448,515.6,23.85,48.44,
2026-07-05T19:58:48.556Z,capture_20260705195835,node04,quiet_room,7,stereo_raw,shift8,48534.29,True,58,-86.76,33.24,328.1,328.1,0.044747,0.124434,-9.05,False,False,1125.0,0.001248,0.999999,0.284876,0,0.262091,0.247445,0.32335,0.075837,0.091276,mid,0.32335,656.2,23.81,48.45,
2026-07-05T19:58:49.554Z,capture_20260705195835,node04,quiet_room,8,stereo_raw,shift8,47615.95,True,50,-86.65,33.35,93.8,1171.9,0.076555,0.235296,-6.28,False,False,1125.0,0.000799,0.999999,0.346947,0,0.292168,0.150421,0.32257,0.101071,0.133769,mid,0.32257,1171.9,23.81,48.45,
2026-07-05T19:58:50.613Z,capture_20260705195835,node04,quiet_room,9,stereo_raw,shift8,47754.65,True,56,-87.14,32.86,46.9,515.6,0.06422,0.181044,-7.42,False,False,1078.1,0.001063,1.000001,0.460874,0,0.386248,0.128542,0.267581,0.109726,0.107904,bass,0.386248,46.9,23.84,48.48,
2026-07-05T19:58:51.569Z,capture_20260705195835,node04,quiet_room,10,stereo_raw,shift8,48127.95,True,61,-87.31,32.69,46.9,328.1,0.101989,0.44127,-3.55,False,False,1031.2,0.00169,1.0,0.577063,0,0.480798,0.25511,0.159847,0.04445,0.059795,bass,0.480798,46.9,23.84,48.48,
2026-07-05T19:58:52.564Z,capture_20260705195835,node04,quiet_room,11,stereo_raw,shift8,48601.36,True,47,-86.47,33.53,46.9,375.0,0.081199,0.304227,-5.17,False,False,984.4,0.000832,1.0,0.441574,0,0.372436,0.137108,0.236449,0.106586,0.147421,bass,0.372436,46.9,23.83,48.48,
2026-07-05T19:58:53.571Z,capture_20260705195835,node04,quiet_room,12,stereo_raw,shift8,47551.05,True,62,-86.7,33.3,46.9,796.9,0.104051,0.393147,-4.05,False,False,937.5,0.000894,1.0,0.523786,0,0.493643,0.091238,0.204488,0.102523,0.108108,bass,0.493643,46.9,23.83,48.48,
2026-07-05T19:58:54.623Z,capture_20260705195835,node04,quiet_room,13,stereo_raw,shift8,48007.71,True,50,-87.07,32.93,187.5,562.5,0.077653,0.21794,-6.62,False,False,1031.2,0.000814,1.0,0.290141,0,0.152386,0.199661,0.377647,0.151862,0.118444,mid,0.377647,562.5,23.85,48.47,
2026-07-05T19:58:55.575Z,capture_20260705195835,node04,quiet_room,14,stereo_raw,shift8,47871.9,True,53,-86.35,33.65,46.9,234.4,0.058958,0.378123,-4.22,False,False,890.6,0.001124,1.000001,0.331027,0,0.247641,0.329467,0.224227,0.091932,0.106734,low_mid,0.329467,234.4,23.85,48.47,
2026-07-05T19:58:56.585Z,capture_20260705195835,node04,quiet_room,15,stereo_raw,shift8,47905.05,True,59,-86.93,33.07,46.9,515.6,0.054069,0.150271,-8.23,False,False,984.4,0.001104,1.0,0.442464,0,0.36252,0.20747,0.248589,0.086943,0.094478,bass,0.36252,46.9,23.83,48.44,
2026-07-05T19:58:57.592Z,capture_20260705195835,node04,quiet_room,16,stereo_raw,shift8,47872.0,True,54,-86.8,33.2,46.9,328.1,0.071759,0.386831,-4.12,False,False,890.6,0.001095,1.0,0.45217,0,0.399439,0.230761,0.170189,0.098637,0.100974,bass,0.399439,46.9,23.83,48.44,
2026-07-05T19:58:58.599Z,capture_20260705195835,node04,quiet_room,17,stereo_raw,shift8,47904.95,True,50,-86.57,33.43,46.9,468.8,0.08523,0.264745,-5.77,False,False,1078.1,0.000868,0.999999,0.386965,0,0.354332,0.102767,0.330871,0.081869,0.13016,bass,0.354332,46.9,23.84,48.42,
2026-07-05T19:58:59.595Z,capture_20260705195835,node04,quiet_room,18,stereo_raw,shift8,47872.0,True,50,-86.49,33.51,93.8,609.4,0.059061,0.287898,-5.41,False,False,984.4,0.000628,1.000001,0.162597,0,0.128074,0.111015,0.313058,0.281053,0.166801,mid,0.313058,609.4,23.84,48.42,
2026-07-05T19:59:00.605Z,capture_20260705195835,node04,quiet_room,19,stereo_raw,shift8,48158.41,True,59,-87.02,32.98,234.4,234.4,0.032623,0.121799,-9.14,False,False,1078.1,0.001266,1.0,0.260788,0,0.121259,0.45005,0.27754,0.064886,0.086265,low_mid,0.45005,234.4,23.83,48.4,
2026-07-05T20:00:05.469Z,capture_20260705195958,node04,tone_1khz_100db,1,stereo_raw,shift8,49584.07,True,58,-86.19,33.81,46.9,375.0,0.095316,0.444325,-3.52,False,False,937.5,0.001108,1.0,0.516815,0,0.455842,0.198966,0.172661,0.072677,0.099854,bass,0.455842,46.9,23.87,48.38,
2026-07-05T20:00:06.476Z,capture_20260705195958,node04,tone_1khz_100db,2,stereo_raw,shift8,47855.89,True,50,-86.43,33.57,234.4,234.4,0.155501,0.910051,-0.41,False,True,984.4,0.000978,1.0,0.176788,0,0.0837,0.378237,0.295088,0.135121,0.107854,low_mid,0.378237,234.4,23.89,48.43,
2026-07-05T20:00:07.485Z,capture_20260705195958,node04,tone_1khz_100db,3,stereo_raw,shift8,47904.95,True,60,-86.88,33.12,46.9,234.4,0.116854,0.694102,-1.59,False,False,984.4,0.001109,1.0,0.419229,0,0.355905,0.24516,0.19453,0.084746,0.119659,bass,0.355905,46.9,23.89,48.43,
2026-07-05T20:00:08.496Z,capture_20260705195958,node04,tone_1khz_100db,4,stereo_raw,shift8,47904.95,True,50,-86.63,33.37,46.9,375.0,0.098589,0.498147,-3.03,False,False,1031.2,0.002827,1.0,0.770941,0,0.715937,0.120684,0.088712,0.038345,0.036322,bass,0.715937,46.9,23.91,48.4,
2026-07-05T20:00:09.557Z,capture_20260705195958,node04,tone_1khz_100db,5,stereo_raw,shift8,47904.9,True,56,-86.55,33.45,93.8,515.6,0.117063,0.399403,-3.99,False,False,1078.1,0.00089,1.0,0.233411,0,0.172369,0.271234,0.341812,0.093436,0.121149,mid,0.341812,515.6,23.91,48.4,
2026-07-05T20:00:10.523Z,capture_20260705195958,node04,tone_1khz_100db,6,stereo_raw,shift8,47905.0,True,48,-87.26,32.74,515.6,515.6,0.155648,0.743533,-1.29,False,True,984.4,0.000791,0.999999,0.127129,0,0.094334,0.249284,0.346306,0.167262,0.142813,mid,0.346306,515.6,23.9,48.37,
2026-07-05T20:00:11.545Z,capture_20260705195958,node04,tone_1khz_100db,7,stereo_raw,shift8,47904.95,True,59,-86.14,33.86,46.9,656.2,0.084643,0.373696,-4.27,False,False,984.4,0.001049,0.999999,0.375256,0,0.299206,0.302266,0.218437,0.08,0.10009,low_mid,0.302266,281.2,23.9,48.37,
2026-07-05T20:00:12.539Z,capture_20260705195958,node04,tone_1khz_100db,8,stereo_raw,shift8,47904.95,True,50,-86.35,33.65,46.9,328.1,0.152298,0.686505,-1.63,False,True,984.4,0.002348,0.999999,0.770581,0,0.753059,0.059464,0.110362,0.033716,0.043398,bass,0.753059,46.9,23.88,48.39,
2026-07-05T20:00:13.535Z,capture_20260705195958,node04,tone_1khz_100db,9,stereo_raw,shift8,48128.0,True,49,-86.86,33.14,46.9,421.9,0.095549,0.497125,-3.04,False,False,984.4,0.000825,1.0,0.172063,0,0.112148,0.341788,0.290805,0.132248,0.123011,low_mid,0.341788,421.9,23.88,48.39,
2026-07-05T20:00:14.552Z,capture_20260705195958,node04,tone_1khz_100db,10,stereo_raw,shift8,47904.95,True,56,-86.53,33.47,140.6,515.6,0.131589,0.359457,-4.44,False,True,984.4,0.000742,0.999999,0.278284,0,0.233927,0.105234,0.400453,0.131414,0.128971,mid,0.400453,515.6,23.89,48.41,
2026-07-05T20:00:15.544Z,capture_20260705195958,node04,tone_1khz_100db,11,stereo_raw,shift8,47872.0,True,52,-86.89,33.11,46.9,515.6,0.174267,0.581017,-2.36,False,True,984.4,0.000741,1.0,0.226879,0,0.189598,0.084626,0.447188,0.150505,0.128083,mid,0.447188,515.6,23.89,48.41,
2026-07-05T20:00:16.555Z,capture_20260705195958,node04,tone_1khz_100db,12,stereo_raw,shift8,48591.75,True,49,-86.97,33.03,46.9,234.4,0.081066,0.375315,-4.26,False,False,984.4,0.001375,0.999999,0.306005,0,0.230676,0.372719,0.245732,0.074345,0.076527,low_mid,0.372719,234.4,23.86,48.4,
2026-07-05T20:00:17.547Z,capture_20260705195958,node04,tone_1khz_100db,13,stereo_raw,shift8,47560.31,True,52,-86.63,33.37,187.5,234.4,0.191148,0.97857,-0.09,False,True,984.4,0.001406,1.000001,0.302557,0,0.154305,0.373293,0.303606,0.080076,0.088721,low_mid,0.373293,187.5,23.86,48.4,
2026-07-05T20:00:18.558Z,capture_20260705195958,node04,tone_1khz_100db,14,stereo_raw,shift8,48007.52,True,50,-86.6,33.4,46.9,421.9,0.088573,0.286508,-5.43,False,False,984.4,0.001119,0.999999,0.336165,0,0.283535,0.244146,0.307254,0.07573,0.089334,mid,0.307254,656.2,23.86,48.45,
2026-07-05T20:00:19.558Z,capture_20260705195958,node04,tone_1khz_100db,15,stereo_raw,shift8,48022.4,True,50,-86.38,33.62,46.9,234.4,0.102257,0.439784,-3.57,False,False,984.4,0.001338,0.999999,0.498501,0,0.329856,0.302403,0.202202,0.084908,0.08063,bass,0.329856,46.9,23.86,48.45,
2026-07-05T20:00:20.567Z,capture_20260705195958,node04,tone_1khz_100db,16,stereo_raw,shift8,47755.74,True,51,-86.79,33.21,46.9,281.2,0.067468,0.274077,-5.62,False,False,984.4,0.00127,0.999999,0.526127,0,0.480015,0.189548,0.172287,0.064866,0.093283,bass,0.480015,46.9,23.84,48.49,
2026-07-05T20:00:21.584Z,capture_20260705195958,node04,tone_1khz_100db,17,stereo_raw,shift8,47904.95,True,50,-86.27,33.73,46.9,984.4,0.265637,0.926528,-0.33,False,True,984.4,0.00076,1.0,0.26216,0,0.192809,0.118773,0.452487,0.105567,0.130364,mid,0.452487,984.4,23.84,48.49,
2026-07-05T20:00:22.577Z,capture_20260705195958,node04,tone_1khz_100db,18,stereo_raw,shift8,48384.0,True,56,-86.53,33.47,984.4,984.4,0.19801,0.974157,-0.11,False,True,984.4,0.000772,1.000001,0.17119,0,0.149005,0.220843,0.391318,0.112077,0.126758,mid,0.391318,984.4,23.86,48.51,
2026-07-05T20:00:23.587Z,capture_20260705195958,node04,tone_1khz_100db,19,stereo_raw,shift8,47651.48,True,55,-86.4,33.6,93.8,281.2,0.122064,0.705582,-1.51,False,False,984.4,0.001481,1.0,0.401927,0,0.346091,0.303418,0.204272,0.060056,0.086163,bass,0.346091,93.8,23.86,48.51,
2026-07-05T20:01:31.289Z,capture_20260705200123,node04,low_frequency_test,1,stereo_raw,shift8,49583.87,True,52,-86.37,33.63,93.8,328.1,0.035053,0.16771,-7.75,False,False,937.5,0.001172,1.000002,0.596833,0,0.554555,0.129517,0.133842,0.091693,0.090395,bass,0.554555,93.8,23.97,48.23,
2026-07-05T20:01:32.296Z,capture_20260705200123,node04,low_frequency_test,2,stereo_raw,shift8,47857.41,True,50,-86.41,33.59,46.9,609.4,0.062999,0.183204,-7.37,False,False,984.4,0.001596,1.000001,0.683492,0,0.653709,0.057601,0.154602,0.064753,0.069336,bass,0.653709,46.9,23.97,48.23,
2026-07-05T20:01:33.296Z,capture_20260705200123,node04,low_frequency_test,3,stereo_raw,shift8,47872.0,True,51,-86.56,33.44,93.8,375.0,0.042786,0.251059,-6.0,False,False,890.6,0.001271,1.0,0.586316,0,0.507381,0.216351,0.118683,0.081098,0.076487,bass,0.507381,93.8,23.96,48.21,
2026-07-05T20:01:34.310Z,capture_20260705200123,node04,low_frequency_test,4,stereo_raw,shift8,47904.9,True,56,-86.62,33.38,187.5,281.2,0.044212,0.248664,-6.04,False,False,1031.2,0.001222,1.000001,0.335289,0,0.153396,0.506201,0.168132,0.073495,0.098777,low_mid,0.506201,187.5,23.96,48.21,
2026-07-05T20:01:35.319Z,capture_20260705200123,node04,low_frequency_test,5,stereo_raw,shift8,48128.0,True,53,-86.59,33.41,46.9,796.9,0.052387,0.158652,-8.0,False,False,1031.2,0.00135,1.0,0.603382,0,0.573781,0.090182,0.186283,0.07726,0.072494,bass,0.573781,46.9,23.96,48.28,
2026-07-05T20:01:36.327Z,capture_20260705200123,node04,low_frequency_test,6,stereo_raw,shift8,47905.0,True,48,-86.28,33.72,46.9,234.4,0.066477,0.423163,-3.73,False,False,1078.1,0.001739,1.0,0.666892,0,0.606408,0.159176,0.102773,0.062187,0.069456,bass,0.606408,46.9,23.96,48.28,
2026-07-05T20:01:37.324Z,capture_20260705200123,node04,low_frequency_test,7,stereo_raw,shift8,47904.76,True,59,-86.5,33.5,46.9,234.4,0.064664,0.347844,-4.59,False,False,937.5,0.00139,1.0,0.590473,0,0.534823,0.16535,0.143089,0.068774,0.087964,bass,0.534823,46.9,23.93,48.33,
2026-07-05T20:01:38.330Z,capture_20260705200123,node04,low_frequency_test,8,stereo_raw,shift8,48277.79,True,58,-86.15,33.85,46.9,703.1,0.037803,0.096204,-10.17,False,False,984.4,0.000944,1.0,0.348445,0,0.316779,0.129507,0.332189,0.112066,0.109459,mid,0.332189,703.1,23.93,48.33,
2026-07-05T20:01:39.337Z,capture_20260705200123,node04,low_frequency_test,9,stereo_raw,shift8,48009.71,True,50,-86.66,33.34,93.8,375.0,0.027695,0.199543,-7.0,False,False,937.5,0.001448,1.0,0.547697,0,0.502726,0.24443,0.102814,0.073921,0.076109,bass,0.502726,93.8,23.95,48.33,
2026-07-05T20:01:40.397Z,capture_20260705200123,node04,low_frequency_test,10,stereo_raw,shift8,47904.95,True,62,-86.2,33.8,93.8,328.1,0.062206,0.267685,-5.72,False,False,937.5,0.001412,1.0,0.490995,0,0.466219,0.154003,0.202283,0.086176,0.091319,bass,0.466219,93.8,23.95,48.33,
2026-07-05T20:01:41.348Z,capture_20260705200123,node04,low_frequency_test,11,stereo_raw,shift8,47872.0,True,58,-85.79,34.21,46.9,703.1,0.040328,0.114112,-9.43,False,False,890.6,0.00102,1.000001,0.513108,0,0.40321,0.182664,0.227708,0.094669,0.09175,bass,0.40321,46.9,23.94,48.32,
2026-07-05T20:01:42.346Z,capture_20260705200123,node04,low_frequency_test,12,stereo_raw,shift8,48128.0,True,57,-86.43,33.57,93.8,515.6,0.033601,0.10982,-9.59,False,False,1125.0,0.000663,0.999999,0.250246,0,0.206748,0.1437,0.297131,0.197528,0.154892,mid,0.297131,515.6,23.94,48.32,
2026-07-05T20:01:43.355Z,capture_20260705200123,node04,low_frequency_test,13,stereo_raw,shift8,47904.95,True,50,-86.2,33.8,46.9,234.4,0.13164,0.669711,-1.74,False,True,1078.1,0.001316,1.000001,0.650702,0,0.515571,0.217574,0.14143,0.050832,0.074594,bass,0.515571,46.9,23.92,48.4,
2026-07-05T20:01:44.371Z,capture_20260705200123,node04,low_frequency_test,14,stereo_raw,shift8,47904.95,True,56,-86.22,33.78,46.9,234.4,0.044706,0.147434,-8.31,False,False,890.6,0.001229,1.000001,0.426995,0,0.353429,0.252923,0.232175,0.077654,0.08382,bass,0.353429,46.9,23.92,48.4,
2026-07-05T20:01:45.368Z,capture_20260705200123,node04,low_frequency_test,15,stereo_raw,shift8,48128.0,True,56,-86.54,33.46,93.8,562.5,0.045659,0.1114,-9.53,False,False,984.4,0.001597,1.0,0.459986,0,0.382012,0.195144,0.27302,0.073962,0.075862,bass,0.382012,93.8,23.9,48.44,
2026-07-05T20:01:46.369Z,capture_20260705200123,node04,low_frequency_test,16,stereo_raw,shift8,48600.54,True,47,-86.53,33.47,46.9,375.0,0.099977,0.409414,-3.88,False,False,1031.2,0.001299,1.0,0.390394,0,0.351217,0.243799,0.24201,0.075241,0.087733,bass,0.351217,46.9,23.9,48.44,
2026-07-05T20:01:47.375Z,capture_20260705200123,node04,low_frequency_test,17,stereo_raw,shift8,47552.18,True,58,-85.92,34.08,46.9,328.1,0.078024,0.554374,-2.56,False,False,890.6,0.001515,1.0,0.47807,0,0.442081,0.27583,0.15704,0.060358,0.064691,bass,0.442081,46.9,23.9,48.49,
2026-07-05T20:01:48.378Z,capture_20260705200123,node04,low_frequency_test,18,stereo_raw,shift8,48007.34,True,50,-86.21,33.79,46.9,281.2,0.059588,0.280912,-5.51,False,False,1125.0,0.001276,1.0,0.504976,0,0.479934,0.153231,0.151973,0.119809,0.095053,bass,0.479934,46.9,23.9,48.49,
2026-07-05T20:01:49.378Z,capture_20260705200123,node04,low_frequency_test,19,stereo_raw,shift8,48128.0,True,63,-86.49,33.51,93.8,468.8,0.104378,0.412158,-3.85,False,False,984.4,0.000786,1.0,0.290075,0,0.255471,0.202817,0.302566,0.110733,0.128413,mid,0.302566,515.6,23.89,48.46,
